Time,Molecular Area,Pressure 
52.801,110.555106,-0.004607
52.901,110.555106,-0.004607
53.1,110.49732,-0.009213
53.2,110.49732,-0.009213
53.3,110.439535,-0.004607
53.4,110.439535,-0.004607
53.5,110.439535,-0.004607
53.702,110.343225,0
53.901,110.28544,0
54.1,110.227654,0
54.2,110.189131,-0.004607
54.3,110.150607,0
54.401,110.150607,0
54.601,110.054298,0
54.8,110.035036,0
54.9,109.938727,0.004607
55.001,109.938727,0.004607
55.2,109.861679,0
55.3,109.861679,0
55.401,109.842418,0.004607
55.6,109.746108,0.009213
55.7,109.726847,0
55.8,109.688323,0
55.901,109.688323,0
56.101,109.572752,0
56.301,109.534228,0.004607
56.5,109.514966,0.004607
56.7,109.418657,0.004607
56.8,109.418657,0.004607
56.9,109.360872,0.009213
57.002,109.34161,0.004607
57.2,109.303086,0.009213
57.3,109.245301,0.009213
57.401,109.245301,0.009213
57.601,109.148992,0.004607
57.8,109.110468,0.004607
57.9,109.091206,0.004607
58,109.091206,0.004607
58.2,108.994897,0.009213
58.3,108.994897,0.009213
58.4,108.956373,0.009213
58.5,108.898588,0.009213
58.7,108.840802,0.009213
58.8,108.802279,0.018427
58.9,108.802279,0.018427
59,108.744493,0.009213
59.2,108.725231,0.009213
59.3,108.628922,0.009213
59.4,108.60966,0.01382
59.5,108.60966,0.01382
59.7,108.494089,0.01382
59.8,108.494089,0.01382
59.9,108.513351,0.01382
60,108.436304,0.023033
60.2,108.417042,0.01382
60.3,108.320733,0.018427
60.4,108.320733,0.018427
60.5,108.282209,0.018427
60.7,108.243685,0.018427
60.8,108.1859,0.023033
60.9,108.1859,0.02764
61,108.1859,0.02764
61.2,108.089591,0.023033
61.3,108.089591,0.023033
61.4,108.012543,0.023033
61.5,107.97402,0.023033
61.7,107.954758,0.023033
61.8,107.858449,0.018427
61.9,107.858449,0.018427
62,107.839187,0.032247
62.2,107.781401,0.023033
62.3,107.76214,0.023033
62.4,107.742878,0.02764
62.5,107.742878,0.02764
62.7,107.66583,0.02764
62.8,107.66583,0.02764
62.9,107.569521,0.032247
63,107.569521,0.032247
63.101,107.569521,0.032247
63.324,107.473212,0.02764
63.507,107.396165,0.036854
63.7,107.376903,0.02764
63.8,107.299855,0.032247
63.9,107.261332,0.02764
64,107.261332,0.02764
64.2,107.165023,0.032247
64.3,107.165023,0.032247
64.4,107.184284,0.032247
64.5,107.03019,0.032247
64.7,107.049452,0.032247
64.8,106.953142,0.036854
64.9,106.953142,0.036854
65,106.953142,0.036854
65.2,106.895357,0.04146
65.3,106.856833,0.036854
65.4,106.837571,0.036854
65.5,106.837571,0.036854
65.7,106.741262,0.04146
65.8,106.741262,0.04146
65.9,106.644953,0.04146
66,106.644953,0.04146
66.2,106.567906,0.046067
66.3,106.548644,0.046067
66.4,106.548644,0.046067
66.5,106.51012,0.04146
66.602,106.433073,0.050674
66.8,106.433073,0.046067
66.9,106.394549,0.050674
67.001,106.394549,0.050674
67.201,106.259716,0.050674
67.401,106.221193,0.050674
67.601,106.259716,0.050674
67.8,106.144145,0.050674
67.9,106.144145,0.050674
68,106.028574,0.050674
68.2,106.047836,0.05528
68.3,105.970789,0.059887
68.401,105.951527,0.059887
68.6,105.855218,0.059887
68.7,105.816694,0.059887
68.8,105.816694,0.059887
68.9,105.816694,0.064494
69,105.758909,0.064494
69.2,105.720385,0.064494
69.3,105.6626,0.064494
69.4,105.6626,0.064494
69.5,105.604814,0.064494
69.7,105.604814,0.064494
69.8,105.527767,0.0691
69.9,105.527767,0.0691
70,105.527767,0.0691
70.2,105.431458,0.0691
70.301,105.431458,0.0691
70.5,105.335148,0.073707
70.703,105.296625,0.073707
70.9,105.238839,0.073707
71,105.219577,0.073707
71.201,105.181054,0.078314
71.4,105.104006,0.078314
71.5,105.104006,0.078314
71.7,105.007697,0.078314
71.8,105.007697,0.078314
71.9,104.969173,0.082921
72,104.892126,0.082921
72.101,104.892126,0.082921
72.3,104.815079,0.087527
72.401,104.815079,0.087527
72.6,104.738031,0.092134
72.7,104.738031,0.092134
72.8,104.680246,0.087527
72.9,104.699508,0.092134
73.002,104.699508,0.092134
73.2,104.603199,0.087527
73.301,104.603199,0.087527
73.501,104.506889,0.096741
73.7,104.468366,0.096741
73.8,104.468366,0.105954
73.9,104.468366,0.105954
74.001,104.391318,0.105954
74.101,104.352795,0.110561
74.201,104.352795,0.110561
74.401,104.256486,0.110561
74.6,104.217962,0.115168
74.7,104.160176,0.110561
74.801,104.160176,0.110561
75.001,104.063867,0.115168
75.2,104.006082,0.115168
75.3,103.98682,0.115168
75.401,103.98682,0.115168
75.6,103.890511,0.119774
75.7,103.890511,0.119774
75.801,103.851987,0.119774
75.901,103.832725,0.119774
76.1,103.755678,0.124381
76.202,103.736416,0.124381
76.4,103.678631,0.124381
76.501,103.659369,0.128988
76.7,103.640107,0.133594
76.8,103.582321,0.138201
76.9,103.582321,0.138201
77,103.524536,0.142808
77.201,103.505274,0.142808
77.401,103.351179,0.152021
77.6,103.331918,0.147414
77.7,103.274132,0.156628
77.803,103.274132,0.156628
78,103.197085,0.161235
78.101,103.197085,0.161235
78.301,103.120037,0.165841
78.5,103.062252,0.165841
78.701,103.023728,0.165841
78.901,102.927419,0.175055
79.101,102.908157,0.175055
79.301,102.850372,0.179661
79.501,102.754063,0.184268
79.7,102.734801,0.193481
79.802,102.657753,0.188875
80,102.61923,0.202695
80.201,102.580706,0.202695
80.402,102.484397,0.211908
80.6,102.426611,0.207301
80.701,102.388088,0.207301
80.9,102.31104,0.216515
81,102.272517,0.211908
81.101,102.272517,0.211908
81.301,102.233993,0.221122
81.5,102.156946,0.221122
81.601,102.09916,0.225728
81.701,102.09916,0.225728
81.901,102.002851,0.230335
82.1,101.983589,0.239548
82.202,101.983589,0.244155
82.4,101.88728,0.244155
82.501,101.88728,0.248762
82.7,101.848756,0.253368
82.802,101.790971,0.257975
83,101.752447,0.262582
83.201,101.6754,0.262582
83.4,101.579091,0.271795
83.501,101.579091,0.271795
83.7,101.521305,0.281009
83.8,101.521305,0.281009
83.9,101.482781,0.285615
84,101.46352,0.290222
84.2,101.36721,0.290222
84.301,101.328687,0.299436
84.501,101.270901,0.299436
84.701,101.251639,0.299436
84.9,101.15533,0.313256
85.001,101.15533,0.313256
85.201,101.059021,0.317862
85.301,101.059021,0.317862
85.5,100.962712,0.327076
85.601,100.962712,0.327076
85.802,100.866403,0.336289
86.025,100.847141,0.340896
86.21,100.808617,0.350109
86.4,100.73157,0.363929
86.5,100.73157,0.363929
86.701,100.635261,0.368536
86.901,100.577475,0.373143
87.1,100.51969,0.377749
87.2,100.500428,0.377749
87.3,100.442642,0.386963
87.4,100.442642,0.386963
87.5,100.442642,0.396176
87.602,100.346333,0.400783
87.8,100.327071,0.40539
87.902,100.250024,0.409996
88.002,100.250024,0.409996
88.202,100.153715,0.41921
88.401,100.134453,0.423816
88.6,100.095929,0.43303
88.7,100.038144,0.44685
88.8,99.99962,0.44685
88.901,99.99962,0.44685
89.102,99.903311,0.451457
89.3,99.864787,0.46067
89.4,99.826264,0.469883
89.501,99.826264,0.469883
89.7,99.710693,0.479097
89.801,99.710693,0.479097
90.001,99.595122,0.48831
90.2,99.595122,0.50213
90.3,99.537336,0.506737
90.401,99.537336,0.506737
90.601,99.421765,0.51595
90.8,99.402503,0.51595
90.9,99.344718,0.529771
91,99.344718,0.529771
91.2,99.248409,0.538984
91.301,99.248409,0.538984
91.501,99.190623,0.552804
91.7,99.113576,0.557411
91.8,99.075052,0.575838
91.901,99.075052,0.575838
92.101,98.998005,0.585051
92.201,98.998005,0.585051
92.301,98.978743,0.589658
92.401,98.901696,0.598871
92.6,98.901696,0.612691
92.7,98.84391,0.608084
92.801,98.84391,0.608084
93.001,98.747601,0.626511
93.201,98.709077,0.631118
93.301,98.612768,0.644938
93.5,98.593506,0.649545
93.601,98.554983,0.658758
93.701,98.554983,0.658758
93.801,98.497197,0.658758
93.901,98.477935,0.672578
94.1,98.381626,0.677185
94.201,98.362364,0.686398
94.301,98.362364,0.686398
94.502,98.266055,0.700218
94.701,98.20827,0.709432
94.801,98.189008,0.714039
94.901,98.189008,0.714039
95.1,98.092699,0.732465
95.201,98.092699,0.732465
95.403,98.034913,0.755499
95.6,97.977128,0.760105
95.7,97.957866,0.769319
95.801,97.957866,0.769319
96.002,97.842295,0.783139
96.2,97.765247,0.792352
96.301,97.745986,0.796959
96.5,97.668938,0.806172
96.701,97.649676,0.819993
96.902,97.572629,0.838419
97.1,97.553367,0.838419
97.2,97.47632,0.847633
97.301,97.47632,0.847633
97.501,97.418534,0.856846
97.601,97.418534,0.856846
97.801,97.360749,0.87988
98,97.26444,0.87988
98.101,97.225916,0.889093
98.201,97.225916,0.889093
98.401,97.129607,0.90752
98.602,97.071821,0.916733
98.801,97.033298,0.925947
99.001,96.936988,0.944373
99.2,96.917727,0.94898
99.301,96.859941,0.967407
99.5,96.821417,0.972014
99.701,96.763632,0.97662
99.901,96.686585,0.999654
100.1,96.628799,1.008867
100.202,96.590275,1.022687
100.4,96.53249,1.031901
100.503,96.493966,1.041114
100.701,96.493966,1.050328
100.801,96.416919,1.050328
101,96.416919,1.068754
101.101,96.32061,1.068754
101.201,96.32061,1.068754
101.301,96.301348,1.087181
101.402,96.224301,1.087181
101.601,96.205039,1.110215
101.701,96.166515,1.110215
101.9,96.10873,1.119428
102.003,96.089468,1.133248
102.103,96.089468,1.133248
102.304,95.993159,1.151675
102.5,95.896849,1.165495
102.601,95.877588,1.174708
102.8,95.80054,1.188529
102.902,95.80054,1.202349
103.101,95.742755,1.211562
103.202,95.704231,1.216169
103.4,95.627184,1.216169
103.502,95.569398,1.234596
103.7,95.511613,1.243809
103.802,95.492351,1.257629
104.001,95.415304,1.262236
104.102,95.396042,1.280663
104.3,95.338256,1.285269
104.402,95.299733,1.299089
104.502,95.299733,1.299089
104.702,95.203423,1.322123
104.9,95.184162,1.331336
105,95.107114,1.345156
105.101,95.107114,1.345156
105.3,95.068591,1.36819
105.4,95.068591,1.36819
105.5,94.991543,1.386617
105.601,94.933758,1.39583
105.8,94.875972,1.400437
105.903,94.895234,1.414257
106.1,94.818187,1.414257
106.204,94.779663,1.428077
106.4,94.702616,1.45111
106.501,94.664092,1.460324
106.602,94.664092,1.460324
106.801,94.567783,1.483357
106.901,94.567783,1.483357
107.101,94.471474,1.506391
107.3,94.452212,1.520211
107.401,94.394426,1.529424
107.502,94.394426,1.529424
107.701,94.278855,1.543244
107.801,94.278855,1.543244
108.002,94.22107,1.570885
108.202,94.163284,1.580098
108.401,94.144022,1.593918
108.604,94.047713,1.616952
108.8,94.028451,1.635379
108.904,93.951404,1.649199
109.1,93.951404,1.653805
109.201,93.855095,1.653805
109.4,93.835833,1.672232
109.504,93.816571,1.690659
109.7,93.739524,1.704479
109.803,93.701,1.713692
110,93.623953,1.727513
110.101,93.662477,1.736726
110.201,93.662477,1.736726
110.401,93.527644,1.764366
110.6,93.48912,1.764366
110.701,93.431335,1.782793
110.9,93.373549,1.782793
111.001,93.335025,1.810433
111.101,93.335025,1.810433
111.301,93.238716,1.824253
111.501,93.200193,1.84268
111.606,93.161669,1.851893
111.707,93.161669,1.851893
111.901,93.084622,1.879534
112.101,93.007574,1.888747
112.205,93.026836,1.893354
112.4,92.969051,1.920994
112.501,92.911265,1.920994
112.601,92.911265,1.920994
112.805,92.814956,1.944027
113.001,92.776432,1.971668
113.102,92.699385,1.976274
113.3,92.718647,1.990094
113.402,92.603076,2.008521
113.502,92.603076,2.008521
113.702,92.487505,2.026948
113.9,92.506767,2.026948
114.002,92.448981,2.045375
114.102,92.448981,2.045375
114.302,92.33341,2.068408
114.5,92.294886,2.073015
114.602,92.294886,2.091442
114.8,92.217839,2.100655
114.905,92.179315,2.109869
115.005,92.179315,2.109869
115.205,92.083006,2.128295
115.4,92.005959,2.137509
115.505,91.986697,2.146722
115.7,91.928912,2.146722
115.805,91.890388,2.151329
116,91.871126,2.174362
116.102,91.794079,2.174362
116.3,91.774817,2.183576
116.402,91.678508,2.197396
116.502,91.678508,2.197396
116.702,91.639984,2.206609
116.901,91.562937,2.225036
117.002,91.562937,2.229643
117.2,91.524413,2.229643
117.302,91.447366,2.23425
117.5,91.428104,2.243463
117.603,91.370318,2.24807
117.802,91.370318,2.24807
117.903,91.312533,2.257283
118.1,91.254747,2.266496
118.206,91.1777,2.26189
118.306,91.1777,2.26189
118.508,91.100653,2.27571
118.701,91.062129,2.27571
118.806,91.004343,2.28953
119,90.946558,2.28953
119.103,90.927296,2.28953
119.3,90.830987,2.298743
119.406,90.850249,2.307957
119.6,90.75394,2.312563
119.703,90.734678,2.312563
119.803,90.734678,2.312563
120.003,90.638369,2.321777
120.201,90.599845,2.326383
120.303,90.542059,2.326383
120.501,90.542059,2.335597
120.603,90.465012,2.340204
120.703,90.465012,2.340204
120.903,90.407227,2.34481
121.101,90.368703,2.34481
121.203,90.310917,2.35863
121.4,90.272394,2.35863
121.503,90.23387,2.35863
121.604,90.23387,2.35863
121.803,90.118299,2.367844
122.001,90.099037,2.377057
122.106,90.02199,2.381664
122.3,90.041252,2.386271
122.403,89.964204,2.386271
122.503,89.964204,2.386271
122.704,89.925681,2.395484
122.901,89.81011,2.400091
123.003,89.790848,2.400091
123.2,89.713801,2.409304
123.303,89.713801,2.409304
123.5,89.59823,2.413911
123.604,89.617491,2.418518
123.8,89.559706,2.432338
123.903,89.50192,2.427731
124.1,89.50192,2.427731
124.204,89.424873,2.436944
124.4,89.386349,2.441551
124.505,89.367088,2.446158
124.7,89.309302,2.450764
124.804,89.29004,2.455371
125,89.251517,2.469191
125.108,89.193731,2.469191
125.3,89.174469,2.478405
125.407,89.097422,2.478405
125.6,89.097422,2.483011
125.704,89.001113,2.483011
125.805,89.001113,2.483011
126.007,88.943327,2.501438
126.201,88.904804,2.506045
126.307,88.86628,2.506045
126.501,88.789232,2.519865
126.604,88.769971,2.519865
126.8,88.692923,2.524472
126.904,88.673661,2.529078
127.1,88.577352,2.538292
127.204,88.55809,2.538292
127.305,88.55809,2.538292
127.504,88.461781,2.552112
127.701,88.403996,2.552112
127.805,88.384734,2.561325
128,88.34621,2.561325
128.105,88.269163,2.570539
128.206,88.269163,2.570539
128.404,88.211377,2.579752
128.601,88.172854,2.584359
128.708,88.115068,2.588965
128.9,88.057283,2.598179
129.004,87.999497,2.607392
129.2,87.960974,2.611999
129.308,87.960974,2.616606
129.501,87.92245,2.621212
129.604,87.845403,2.621212
129.8,87.826141,2.625819
129.908,87.787617,2.635032
130.008,87.787617,2.635032
130.208,87.729832,2.648852
130.4,87.652784,2.658066
130.508,87.614261,2.653459
130.7,87.537213,2.667279
130.805,87.49869,2.662673
131,87.460166,2.662673
131.105,87.440904,2.671886
131.3,87.40238,2.685706
131.405,87.344595,2.681099
131.6,87.306071,2.685706
131.705,87.267548,2.69492
131.9,87.209762,2.69492
132.005,87.171238,2.699526
132.2,87.094191,2.704133
132.305,87.036406,2.717953
132.406,87.036406,2.717953
132.608,86.920835,2.727166
132.802,86.920835,2.731773
132.909,86.882311,2.73638
133.1,86.843787,2.7502
133.208,86.805264,2.7502
133.309,86.805264,2.7502
133.505,86.708954,2.754807
133.7,86.708954,2.76402
133.809,86.689693,2.768627
134,86.631907,2.77784
134.108,86.574122,2.77784
134.208,86.574122,2.77784
134.406,86.458551,2.787053
134.601,86.400765,2.80548
134.706,86.420027,2.80548
134.9,86.34298,2.814694
135.006,86.323718,2.823907
135.2,86.285194,2.823907
135.306,86.265932,2.833121
135.5,86.208147,2.833121
135.607,86.169623,2.842334
135.8,86.073314,2.842334
135.906,86.054052,2.846941
136.006,86.054052,2.846941
136.206,85.977005,2.856154
136.4,85.957743,2.865367
136.506,85.861434,2.874581
136.7,85.880695,2.883794
136.809,85.784386,2.883794
137,85.765124,2.888401
137.106,85.688077,2.902221
137.3,85.649553,2.902221
137.409,85.61103,2.906828
137.509,85.61103,2.906828
137.71,85.553244,2.916041
137.901,85.514721,2.920648
138.006,85.456935,2.920648
138.201,85.39915,2.925254
138.309,85.379888,2.943681
138.5,85.341364,2.943681
138.609,85.283579,2.957501
138.8,85.225793,2.957501
138.906,85.168008,2.962108
139.006,85.168008,2.962108
139.206,85.071698,2.971322
139.401,85.052437,2.985142
139.506,84.994651,2.994355
139.7,84.975389,2.998962
139.806,84.917604,3.008175
139.906,84.917604,3.008175
140.106,84.821295,3.017389
140.3,84.744247,3.017389
140.406,84.744247,3.021995
140.6,84.705724,3.026602
140.706,84.647938,3.045029
140.9,84.609414,3.045029
141.01,84.551629,3.049635
141.2,84.532367,3.054242
141.306,84.436058,3.063455
141.406,84.436058,3.063455
141.61,84.339749,3.072669
141.8,84.339749,3.072669
141.911,84.262701,3.081882
142.1,84.24344,3.091096
142.21,84.185654,3.100309
142.4,84.14713,3.109523
142.51,84.127869,3.123343
142.701,84.031559,3.132556
142.81,84.070083,3.132556
142.91,84.070083,3.132556
143.107,83.93525,3.141769
143.301,83.858203,3.150983
143.407,83.838941,3.15559
143.6,83.800417,3.164803
143.707,83.742632,3.174016
143.808,83.742632,3.174016
144.007,83.646323,3.187836
144.201,83.627061,3.187836
144.308,83.550014,3.19705
144.5,83.51149,3.19705
144.607,83.453704,3.21087
144.8,83.415181,3.215477
144.907,83.395919,3.229297
145.101,83.318871,3.233903
145.21,83.29961,3.243117
145.4,83.261086,3.247724
145.511,83.2033,3.256937
145.701,83.2033,3.26615
145.807,83.106991,3.275364
146.001,83.106991,3.270757
146.11,83.010682,3.284577
146.3,83.010682,3.289184
146.411,82.99142,3.298397
146.6,82.895111,3.303004
146.708,82.895111,3.303004
146.9,82.818064,3.312217
147.011,82.77954,3.316824
147.111,82.77954,3.316824
147.311,82.702493,3.330644
147.5,82.702493,3.335251
147.608,82.644707,3.344464
147.801,82.586922,3.349071
147.908,82.548398,3.358284
148.1,82.509874,3.367498
148.208,82.452089,3.372104
148.402,82.35578,3.381318
148.508,82.375042,3.385925
148.701,82.297994,3.385925
148.81,82.259471,3.404351
148.91,82.259471,3.404351
149.108,82.182423,3.418171
149.301,82.163161,3.418171
149.408,82.066852,3.431992
149.6,82.04759,3.436598
149.708,82.009067,3.441205
149.81,82.009067,3.441205
150.009,81.951281,3.459632
150.201,81.874234,3.464238
150.308,81.83571,3.468845
150.5,81.83571,3.473452
150.611,81.758663,3.487272
150.801,81.777925,3.491879
150.912,81.700877,3.505699
151.104,81.662354,3.510305
151.208,81.604568,3.510305
151.4,81.527521,3.519519
151.512,81.566045,3.528732
151.7,81.469735,3.533339
151.812,81.469735,3.542552
152.003,81.354164,3.547159
152.108,81.334903,3.560979
152.209,81.334903,3.560979
152.409,81.277117,3.574799
152.6,81.161546,3.584013
152.709,81.142284,3.597833
152.9,81.123022,3.602439
153.008,81.065237,3.607046
153.11,81.065237,3.607046
153.31,80.98819,3.620866
153.5,80.930404,3.620866
153.609,80.911142,3.639293
153.8,80.814833,3.6439
153.909,80.795571,3.648506
154.009,80.795571,3.648506
154.212,80.718524,3.666933
154.402,80.68,3.676147
154.509,80.622215,3.694573
154.7,80.564429,3.69918
154.812,80.506644,3.708394
155.003,80.46812,3.713
155.112,80.429596,3.722214
155.303,80.352549,3.731427
155.412,80.294763,3.745247
155.512,80.294763,3.745247
155.709,80.236978,3.749854
155.9,80.217716,3.759067
156.012,80.140669,3.777494
156.204,80.121407,3.782101
156.312,80.102145,3.795921
156.501,80.005836,3.805134
156.614,80.005836,3.800527
156.804,79.928789,3.818954
156.909,79.871003,3.818954
157.01,79.871003,3.818954
157.209,79.793956,3.837381
157.4,79.793956,3.841988
157.509,79.716908,3.851201
157.7,79.697647,3.860415
157.809,79.659123,3.874235
157.911,79.659123,3.874235
158.11,79.562814,3.883448
158.3,79.485766,3.892661
158.409,79.466505,3.906482
158.6,79.389457,3.906482
158.709,79.389457,3.915695
158.9,79.370195,3.920302
159.01,79.273886,3.934122
159.2,79.293148,3.947942
159.313,79.216101,3.952549
159.417,79.216101,3.952549
159.611,79.158315,3.975582
159.8,79.081268,3.975582
159.91,79.062006,3.975582
160.1,78.965697,3.994009
160.213,78.965697,4.003222
160.315,78.965697,4.003222
160.514,78.88865,4.026256
160.707,78.850126,4.035469
160.81,78.773079,4.040076
161,78.734555,4.044683
161.11,78.657508,4.058503
161.3,78.657508,4.067716
161.41,78.638246,4.07693
161.602,78.522675,4.081536
161.711,78.503413,4.09075
161.811,78.503413,4.09075
162.01,78.445627,4.109176
162.2,78.426366,4.11839
162.31,78.330056,4.127603
162.5,78.175962,4.127603
162.61,78.195224,4.136817
162.803,78.1567,4.150637
162.911,78.041129,4.15985
163.1,78.079652,4.15985
163.21,78.021867,4.17367
163.401,78.021867,4.192097
163.514,77.964081,4.192097
163.616,77.964081,4.192097
163.815,77.925558,4.21513
164.005,77.84851,4.224344
164.11,77.809987,4.224344
164.3,77.732939,4.233557
164.414,77.732939,4.247377
164.6,77.694416,4.261197
164.714,77.63663,4.265804
164.904,77.63663,4.279624
165.01,77.521059,4.284231
165.111,77.521059,4.284231
165.311,77.405488,4.302658
165.5,77.405488,4.316478
165.611,77.347703,4.321085
165.801,77.309179,4.339511
165.911,77.289917,4.348725
166.013,77.289917,4.348725
166.211,77.21287,4.362545
166.4,77.135823,4.362545
166.511,77.097299,4.376365
166.7,77.020252,4.385578
166.811,77.020252,4.399399
167.001,76.962466,4.413219
167.114,76.904681,4.422432
167.304,76.866157,4.427039
167.501,76.808371,4.436252
167.715,76.6928,4.463892
167.9,76.6928,4.473106
168,76.6928,4.473106
168.202,76.577229,4.491532
168.401,76.519444,4.505353
168.601,76.48092,4.514566
168.702,76.423135,4.528386
168.912,76.326826,4.537599
169.106,76.26904,4.542206
169.301,76.288302,4.560633
169.401,76.191993,4.574453
169.512,76.191993,4.588273
169.708,76.114945,4.602093
169.812,76.076422,4.6067
169.914,76.076422,4.6067
170.112,75.999374,4.62052
170.301,75.941589,4.629734
170.412,75.864542,4.643554
170.603,75.864542,4.643554
170.801,75.787494,4.66198
170.901,75.787494,4.671194
171.012,75.729709,4.685014
171.206,75.671923,4.694227
171.312,75.652661,4.703441
171.501,75.575614,4.721868
171.7,75.53709,4.717261
171.804,75.479305,4.740294
171.912,75.460043,4.749508
172.014,75.460043,4.749508
172.114,75.402258,4.758721
172.218,75.363734,4.772541
172.32,75.363734,4.772541
172.518,75.305948,4.786361
172.619,75.305948,4.786361
172.722,75.267425,4.795575
172.916,75.228901,4.804788
173.113,75.132592,4.814001
173.304,75.036283,4.823215
173.416,75.055544,4.841642
173.605,74.997759,4.850855
173.8,74.939973,4.860068
173.9,74.90145,4.873889
174.001,74.90145,4.873889
174.201,74.805141,4.892315
174.4,74.747355,4.906136
174.5,74.708831,4.919956
174.7,74.670308,4.933776
174.801,74.612522,4.942989
174.913,74.59326,4.956809
175.104,74.535475,4.961416
175.3,74.496951,4.970629
175.4,74.419904,4.979843
175.501,74.419904,4.979843
175.7,74.362118,4.989056
175.8,74.362118,4.989056
175.9,74.323595,5.002876
176,74.285071,5.016696
176.2,74.227286,5.030516
176.3,74.208024,5.03973
176.413,74.150238,5.048943
176.604,74.111715,5.058157
176.8,74.073191,5.076583
176.9,74.015405,5.085797
177.001,74.015405,5.085797
177.2,73.95762,5.10883
177.301,73.95762,5.10883
177.5,73.880573,5.127257
177.7,73.803525,5.127257
177.8,73.784263,5.145684
177.901,73.784263,5.145684
178.102,73.668692,5.173324
178.301,73.630169,5.187144
178.5,73.591645,5.196358
178.7,73.495336,5.233211
178.801,73.495336,5.233211
179,73.399027,5.242425
179.2,73.360503,5.256245
179.301,73.341241,5.270065
179.413,73.283456,5.279278
179.603,73.244932,5.297705
179.8,73.187147,5.306918
179.9,73.167885,5.306918
180.001,73.167885,5.306918
180.201,73.033052,5.334559
180.301,73.033052,5.334559
180.401,73.033052,5.348379
180.6,72.975266,5.357592
180.7,72.956005,5.376019
180.8,72.878957,5.385232
180.901,72.878957,5.385232
181.102,72.782648,5.417479
181.301,72.763386,5.426693
181.5,72.686339,5.435906
181.601,72.667077,5.449726
181.702,72.667077,5.468153
181.804,72.667077,5.468153
182.001,72.570768,5.481973
182.2,72.474459,5.5004
182.3,72.455197,5.509613
182.402,72.455197,5.509613
182.6,72.358888,5.537253
182.7,72.358888,5.537253
182.801,72.358888,5.546467
183,72.243317,5.564894
183.101,72.262578,5.578714
183.202,72.224055,5.58332
183.314,72.166269,5.601747
183.505,72.108484,5.601747
183.701,72.06996,5.624781
183.902,72.050698,5.624781
184.002,71.973651,5.647814
184.201,71.935127,5.647814
184.401,71.838818,5.675454
184.6,71.838818,5.684668
184.702,71.761771,5.703095
184.814,71.742509,5.716915
185,71.742509,5.726128
185.202,71.626938,5.739948
185.4,71.6462,5.758375
185.5,71.588414,5.772195
185.701,71.549891,5.781409
185.901,71.43432,5.809049
186.1,71.453581,5.827476
186.2,71.376534,5.836689
186.301,71.376534,5.836689
186.501,71.260963,5.859722
186.601,71.260963,5.859722
186.701,71.203178,5.859722
186.9,71.12613,5.873543
187.002,71.12613,5.887363
187.201,71.087607,5.905789
187.402,71.010559,5.93343
187.6,70.952774,5.94725
187.701,70.894988,5.96107
187.9,70.894988,5.97489
188,70.817941,5.984103
188.102,70.817941,5.984103
188.202,70.798679,6.00253
188.305,70.70237,6.01635
188.5,70.70237,6.034777
188.7,70.644584,6.048597
188.8,70.606061,6.048597
188.9,70.606061,6.062417
189.003,70.606061,6.062417
189.201,70.509752,6.103878
189.4,70.432704,6.113091
189.5,70.374919,6.122304
189.601,70.374919,6.122304
189.8,70.297871,6.154551
189.901,70.297871,6.154551
190.101,70.220824,6.172978
190.3,70.163039,6.186798
190.4,70.105253,6.200618
190.502,70.105253,6.200618
190.701,69.989682,6.223652
190.9,69.989682,6.237472
191,69.931896,6.265112
191.104,69.931896,6.265112
191.3,69.816325,6.283539
191.402,69.816325,6.283539
191.601,69.75854,6.311179
191.8,69.681493,6.329606
191.9,69.681493,6.352639
192.002,69.681493,6.352639
192.201,69.565922,6.38028
192.4,69.565922,6.3941
192.5,69.469612,6.3941
192.7,69.411827,6.412526
192.801,69.373303,6.42174
192.912,69.33478,6.444773
193.107,69.276994,6.458593
193.301,69.276994,6.47702
193.501,69.199947,6.49084
193.701,69.065114,6.527694
193.901,69.065114,6.527694
194.102,68.968805,6.546121
194.301,68.891757,6.573761
194.403,68.891757,6.573761
194.6,68.81471,6.601401
194.7,68.81471,6.601401
194.801,68.756925,6.615221
195,68.737663,6.642861
195.203,68.622092,6.675108
195.401,68.583568,6.693535
195.601,68.545044,6.702749
195.8,68.429473,6.721175
195.902,68.429473,6.721175
196.1,68.352426,6.762636
196.2,68.352426,6.762636
196.301,68.333164,6.776456
196.501,68.217593,6.790276
196.7,68.159808,6.822523
196.8,68.159808,6.822523
196.9,68.121284,6.836343
197.001,68.121284,6.850163
197.2,68.044237,6.863983
197.301,68.044237,6.877803
197.402,68.044237,6.877803
197.601,67.928666,6.914657
197.8,67.851618,6.914657
197.9,67.813095,6.933084
198.001,67.813095,6.933084
198.201,67.736047,6.969937
198.4,67.736047,6.974544
198.501,67.601215,7.002184
198.7,67.601215,7.011397
198.8,67.524167,7.029824
198.903,67.524167,7.029824
199.102,67.44712,7.066678
199.301,67.408596,7.075891
199.5,67.389334,7.075891
199.601,67.312287,7.094318
199.8,67.312287,7.112745
199.9,67.23524,7.135778
200.002,67.196716,7.149598
200.202,67.158192,7.168025
200.302,67.100407,7.181845
200.404,67.100407,7.181845
200.601,67.023359,7.218699
200.8,66.984836,7.241732
200.903,66.92705,7.250946
201.006,66.92705,7.250946
201.201,66.830741,7.283193
201.401,66.811479,7.30162
201.6,66.792217,7.320046
201.701,66.71517,7.320046
201.901,66.676646,7.338473
202.101,66.580337,7.38454
202.3,66.561075,7.38454
202.402,66.484028,7.41218
202.504,66.484028,7.41218
202.605,66.484028,7.421394
202.801,66.368457,7.449034
203.002,66.310672,7.462854
203.102,66.310672,7.462854
203.301,66.252886,7.490494
203.5,66.175839,7.522741
203.701,66.156577,7.536561
203.902,66.07953,7.568808
204.101,66.002482,7.591842
204.301,65.963959,7.610268
204.5,65.829126,7.647122
204.7,65.848388,7.670155
204.8,65.790602,7.683976
204.9,65.790602,7.683976
205.001,65.752078,7.683976
205.202,65.694293,7.716222
205.4,65.636507,7.748469
205.5,65.636507,7.748469
205.602,65.540198,7.766896
205.801,65.520936,7.785323
206,65.443889,7.83139
206.102,65.443889,7.83139
206.301,65.328318,7.863637
206.5,65.270533,7.882064
206.702,65.251271,7.882064
206.9,65.097176,7.923524
207,65.097176,7.923524
207.101,65.116438,7.951164
207.201,65.058652,7.969591
207.4,65.000867,7.992624
207.5,64.943081,8.011051
207.603,64.943081,8.011051
207.801,64.92382,8.047905
208,64.808249,8.047905
208.2,64.808249,8.070938
208.3,64.82751,8.093972
208.4,64.711939,8.121612
208.502,64.711939,8.121612
208.701,64.596368,8.158466
208.9,64.61563,8.181499
209,64.500059,8.199926
209.103,64.500059,8.199926
209.301,64.461535,8.218353
209.501,64.40375,8.241386
209.7,64.40375,8.259813
209.802,64.326703,8.29206
210,64.307441,8.310487
210.2,64.211132,8.34734
210.3,64.211132,8.34734
210.402,64.153346,8.370374
210.602,64.114822,8.388801
210.801,64.037775,8.430261
210.904,64.037775,8.430261
211.101,63.960728,8.457901
211.3,63.88368,8.476328
211.4,63.88368,8.499362
211.5,63.88368,8.499362
211.701,63.768109,8.536215
211.9,63.729586,8.559249
212.001,63.6718,8.577675
212.2,63.633277,8.596102
212.3,63.575491,8.596102
212.405,63.575491,8.596102
212.601,63.45992,8.637562
212.801,63.479182,8.665203
212.901,63.421396,8.692843
213.1,63.363611,8.720483
213.2,63.363611,8.72509
213.302,63.363611,8.72509
213.502,63.267302,8.771157
213.7,63.170993,8.798797
213.8,63.170993,8.817224
213.902,63.170993,8.817224
214.101,63.055422,8.840257
214.3,63.074683,8.863291
214.4,62.997636,8.895538
214.5,62.997636,8.895538
214.601,62.978374,8.904751
214.801,62.901327,8.927785
215.002,62.862803,8.969245
215.2,62.766494,9.001492
215.3,62.747232,9.001492
215.405,62.747232,9.001492
215.6,62.631661,9.047559
215.7,62.631661,9.047559
215.8,62.573876,9.075199
215.903,62.554614,9.093626
216.1,62.477567,9.112053
216.2,62.439043,9.135086
216.302,62.439043,9.135086
216.501,62.342734,9.181153
216.7,62.323472,9.2134
216.8,62.246425,9.236434
216.9,62.246425,9.236434
217.001,62.227163,9.236434
217.202,62.130854,9.259467
217.401,62.073068,9.319354
217.601,62.053806,9.333174
217.801,62.015283,9.360814
217.901,61.938235,9.379241
218.101,61.918973,9.402275
218.301,61.803402,9.457555
218.5,61.764879,9.471375
218.702,61.707093,9.471375
218.901,61.610784,9.526656
219.1,61.552998,9.549689
219.2,61.533737,9.568116
219.3,61.533737,9.568116
219.402,61.495213,9.604969
219.601,61.398904,9.628003
219.801,61.302595,9.678677
220,61.283333,9.706317
220.202,61.225547,9.72935
220.401,61.129238,9.770811
220.6,61.090714,9.770811
220.7,61.052191,9.803058
220.8,61.052191,9.803058
220.902,61.013667,9.826091
221.102,60.975143,9.858338
221.301,60.840311,9.909012
221.501,60.821049,9.941259
221.701,60.744001,9.955079
221.803,60.705478,9.987326
222.001,60.647692,9.987326
222.2,60.570645,10.037999
222.3,60.570645,10.037999
222.402,60.512859,10.070246
222.601,60.493598,10.097886
222.8,60.378027,10.139347
222.9,60.378027,10.139347
223,60.320241,10.1762
223.2,60.281717,10.194627
223.302,60.185408,10.226874
223.501,60.166146,10.249908
223.701,60.050575,10.277548
223.9,60.069837,10.305188
224,60.031314,10.342042
224.103,60.031314,10.342042
224.3,59.954266,10.383502
224.4,59.954266,10.383502
224.5,59.857957,10.401929
224.601,59.838695,10.434176
224.8,59.78091,10.461816
224.9,59.742386,10.489456
225.003,59.742386,10.489456
225.2,59.665339,10.512489
225.3,59.665339,10.512489
225.4,59.665339,10.544736
225.5,59.56903,10.563163
225.7,59.549768,10.586197
225.8,59.511244,10.60923
225.903,59.511244,10.60923
226.101,59.453459,10.669117
226.3,59.357149,10.701364
226.4,59.337888,10.729004
226.504,59.337888,10.729004
226.7,59.222316,10.784285
226.8,59.222316,10.784285
226.9,59.222316,10.811925
227.003,59.145269,10.834958
227.2,59.126007,10.867205
227.3,59.087484,10.904059
227.403,59.087484,10.904059
227.601,58.991174,10.922486
227.8,58.914127,10.950126
227.9,58.914127,10.991586
228,58.914127,10.991586
228.102,58.83708,11.005406
228.301,58.798556,11.033046
228.502,58.721509,11.09754
228.701,58.682985,11.125181
228.902,58.605938,11.152821
229.101,58.52889,11.180461
229.201,58.52889,11.180461
229.401,58.451843,11.235741
229.6,58.394058,11.277202
229.7,58.413319,11.304842
229.804,58.413319,11.304842
230.001,58.297748,11.364729
230.201,58.220701,11.396976
230.4,58.201439,11.424616
230.502,58.162916,11.46147
230.701,58.10513,11.48911
230.9,57.989559,11.521357
231,57.989559,11.521357
231.102,58.008821,11.548997
231.301,57.989559,11.58585
231.403,57.912512,11.613491
231.507,57.89325,11.650344
231.607,57.89325,11.650344
231.802,57.796941,11.714838
232,57.700632,11.742478
232.202,57.662108,11.779332
232.401,57.604322,11.843826
232.601,57.565799,11.866859
232.8,57.508013,11.866859
232.902,57.46949,11.917533
233.1,57.46949,11.917533
233.202,57.37318,11.982027
233.306,57.37318,12.014274
233.5,57.315395,12.04652
233.701,57.257609,12.078767
233.803,57.238348,12.115621
233.906,57.199824,12.138654
234.009,57.199824,12.138654
234.201,57.122777,12.175508
234.4,57.064991,12.203148
234.5,57.045729,12.253822
234.603,57.045729,12.253822
234.802,56.94942,12.318316
235.001,56.930158,12.350563
235.201,56.872373,12.38281
235.401,56.776064,12.447303
235.6,56.756802,12.47955
235.702,56.718278,12.507191
235.9,56.679754,12.548651
236,56.641231,12.548651
236.104,56.641231,12.548651
236.303,56.52566,12.613145
236.5,56.506398,12.649998
236.7,56.448612,12.682245
236.802,56.410089,12.719099
237.001,56.390827,12.746739
237.202,56.313779,12.806626
237.401,56.255994,12.848086
237.603,56.236732,12.88494
237.703,56.198208,12.88494
237.9,56.121161,12.917187
238,56.121161,12.949434
238.102,56.063376,12.990894
238.3,56.044114,13.013927
238.4,55.967066,13.055388
238.504,55.967066,13.055388
238.701,55.909281,13.124488
238.9,55.851495,13.156735
239,55.79371,13.198196
239.2,55.755186,13.235049
239.3,55.735924,13.267296
239.403,55.735924,13.267296
239.601,55.620353,13.336396
239.8,55.601092,13.368643
239.9,55.58183,13.368643
240,55.58183,13.368643
240.2,55.466259,13.437744
240.303,55.466259,13.437744
240.501,55.408473,13.529878
240.7,55.331426,13.566731
240.8,55.292902,13.594372
240.904,55.292902,13.594372
241.102,55.196593,13.663472
241.3,55.177331,13.704932
241.4,55.100284,13.737179
241.5,55.100284,13.737179
241.602,55.06176,13.77864
241.801,55.023237,13.815493
242.001,54.926927,13.870774
242.101,54.926927,13.870774
242.205,54.888404,13.870774
242.402,54.84988,13.944481
242.602,54.772833,14.004368
242.703,54.772833,14.004368
242.9,54.676524,14.101109
243,54.676524,14.101109
243.103,54.618738,14.124142
243.302,54.580214,14.174816
243.501,54.483905,14.25313
243.701,54.464643,14.289983
243.902,54.368334,14.345264
244.002,54.368334,14.368297
244.2,54.310549,14.368297
244.3,54.291287,14.418971
244.403,54.21424,14.446611
244.6,54.194978,14.497285
244.7,54.175716,14.538745
244.804,54.175716,14.538745
245.001,54.098669,14.617059
245.2,53.963836,14.658519
245.301,53.963836,14.695373
245.5,53.848265,14.74144
245.701,53.848265,14.778294
245.901,53.751955,14.861214
246.1,53.713432,14.916495
246.2,53.655646,14.948742
246.304,53.655646,14.948742
246.5,53.559337,15.027055
